name	title	coding
t3_qpjb3c	Which advisor should I contact to talk about switching faculties?	o
t3_qqb9as	Math 315 MT2	c
t3_qnukdm	Failing	c
t3_qpt94m	FINE 441 projects	c
t3_qnu3xn	Any fans of Better Call Saul?	o
t3_qns1ue	Petition for Thomson House Menu change!	f
t3_qqmzrs	How does taking a course or two at Concordia work?	c
t3_qqd74r	In need of a study buddy	o
t3_qphp3l	Hot chocolate	f
t3_qnqo17	Nail places downtown??	o
t3_qocst2	SSMU Dental Insurance maxed out, what should I do	o
t3_qpd7vg	Is there free COVID testing for McGill students?	o
t3_qqbjfk	Comp302 Assignment	c
t3_qp2flr	Was Just Informed that I am not Going to Make it in the Workforce	o
t3_qp0a8e	Anyone willing to share psyc 213 notes?	c
t3_qp5adh	Going less than full time as an intl student for personal reasons?	c
t3_qqd26j	Present thoughts (Rant)	o
t3_qo9l6v	Is Submitting a Final Exam Paper to a Journal Problematic?	c
t3_qqzktx	Lost waterbottle in Trottior	o
t3_qp5rs9	COMP 252	c
t3_qp6gu4	good news monday	o
t3_qnqqcq	Good complementary classes with no essays (engineering)	c
t3_qpma8y	How long does it take to get official transcripts?	o
t3_qplrde	Comp 598 students: Should res provide better vegetarian food options?	f
t3_qq569m	Missed lecture	c
t3_qp87j2	On-campus study spots with nice outside view ?	o
t3_qphbd3	DONE WITH HEALTH SERVICES	o
t3_qq7k1p	Iâ€™ve been here for 5 damn years and I finally got to see cloudberry!! She is perfect.	o
t3_qqn7bu	ECON 257 A3	c
t3_qpkl4v	what is this about? seems sus	o
t3_qpo74y	Grading at McGill	c
t3_qr19q4	Can Profs remove rate my prof ratings/comments?	o
t3_qp5hbh	anyone took mgcr 382 with Nicholas Matziorinis?	c
t3_qovae6	Where to apply for summer internships CS?	o
t3_qnowoj	UPDATE: KEYS FOUND!!!	o
t3_qqonfn	Does Prof. Daniel Cere award grades above 85% / is common or possible to get 90-95% ?	c
t3_qpdtsm	International student insurance coverage for consultation with a doctor outside McGill	o
t3_qo77a3	CodeJam Updates!	o
t3_qqwdur	Working at a residence dining hall?	r
t3_qq6ao9	OSD Exam Procedure	c
t3_qqn56k	How safe are the buildings lockers?	o
t3_qprmam	Your experience in MATH 396/410	c
t3_qpo7y6	How many classes can you fail before you get kicked out?	c
t3_qq9z2a	Question/concerns regarding inter-faculty Major transfer	c
t3_qpo84a	How many days ahead do you typically start studying for a midterm?	o
t3_qphbiq	Cloudberry Stocking Up for the Winter	o
t3_qqzdrh	Class rank for MSc. application?	o
t3_qos56x	Quick SOCI235 Questions	c
t3_qqcxo7	How to review for Comp 250/273?	c
t3_qqx044	Reaching out to a professor?	c
